nama,nomor,email
Dinda Kusuma,08043321819,dinda.kusuma@gmail.com
Ayu Hidayat,08389083863,ayu.hidayat@outlook.com
Budi Tanjung,08265423511,budi.tanjung@outlook.com
Slamet Anggraini,08407816184,slamet.anggraini@icloud.com
Yoga Gunawan,08310341316,yoga.gunawan@outlook.com
Anton Utami,08534192832,anton.utami@outlook.com
Dinda Siregar,08835030564,dinda.siregar@icloud.com
Ika Permana,08376724238,ika.permana@icloud.com
Irwan Panjaitan,08965328710,
Fitri Sinaga,08269166978,fitri.sinaga@icloud.com
Siti Simanjuntak,08184514627,siti.simanjuntak@outlook.com
Nanda Tanjung,08281489325,nanda.tanjung@icloud.com
Mira Simatupang,08809570154,mira.simatupang@yahoo.com
Reza Wijaya,08171822782,reza.wijaya@icloud.com
Irwan Hidayat,08834657871,irwan.hidayat@gmail.com
Erna Santoso,08983930103,erna.santoso@gmail.com
Bayu Wijaya,08834738299,bayu.wijaya@mail.com
Herman Hidayat,08116566701,herman.hidayat@outlook.com
Lina Setiawan,08338726247,lina.setiawan@gmail.com
Johan Manurung,08810801326,johan.manurung@yahoo.com
Lestari Panjaitan,08026064746,lestari.panjaitan@icloud.com
Xavier Siregar,08723430980,xavier.siregar@gmail.com
Joko Gunawan,08788208121,joko.gunawan@yahoo.com
Lestari Kusuma,08939909169,lestari.kusuma@outlook.com
Rani Hidayat,08534624751,rani.hidayat@icloud.com
Reza Kusuma,08183842513,reza.kusuma@yahoo.com
Johan Situmorang,08849808412,johan.situmorang@gmail.com
Kirana Puspita,08244935348,kirana.puspita@gmail.com
Ayu Sinaga,08640052427,ayu.sinaga@mail.com
Yolanda Santoso,08112805982,yolanda.santoso@gmail.com
Tuti Utami,08053315869,tuti.utami@yahoo.com
Anton Manurung,08260256342,anton.manurung@gmail.com
Arif Hutagalung,08073375433,arif.hutagalung@yahoo.com
Lestari Permana,08414586850,lestari.permana@outlook.com
Doni Gunawan,08401965569,
Rudi Wardhana,08934060883,rudi.wardhana@gmail.com
Fani Simatupang,08595148465,fani.simatupang@outlook.com
Qori Saputra,08366299468,qori.saputra@outlook.com
Wawan Hidayat,08699577738,wawan.hidayat@yahoo.com
Xavier Wijaya,08489513433,xavier.wijaya@gmail.com
Diah Firmansyah,08917693676,diah.firmansyah@gmail.com
Dimas Hutagalung,08163287083,
Nina Handayani,08278895798,nina.handayani@icloud.com
Puspa Panjaitan,08277434873,puspa.panjaitan@gmail.com
Ika Nugroho,08345581223,ika.nugroho@yahoo.com
Aldi Hidayat,08166587603,aldi.hidayat@mail.com
Ferdi Gunawan,08096705466,ferdi.gunawan@icloud.com
Bella Panjaitan,08373467065,bella.panjaitan@mail.com
Bimo Lestari,08729806990,bimo.lestari@mail.com
Ratna Hutagalung,08720465375,ratna.hutagalung@mail.com
Sari Tanjung,08641708053,sari.tanjung@gmail.com
Dimas Santoso,08330923271,dimas.santoso@yahoo.com
Rahayu Siregar,08452991241,rahayu.siregar@outlook.com
Zahra Simanjuntak,08663193149,zahra.simanjuntak@icloud.com
Rina Utami,08865185067,rina.utami@outlook.com
Dinda Panjaitan,08726284987,dinda.panjaitan@icloud.com
Iwan Permana,08314737996,iwan.permana@mail.com
Nur Lestari,08735454948,nur.lestari@yahoo.com
Eko Setiawan,08678377701,eko.setiawan@mail.com
Zainal Setiawan,08495788568,zainal.setiawan@mail.com
Iwan Nugroho,08431351823,iwan.nugroho@mail.com
Sari Nasution,08989413435,sari.nasution@gmail.com
Aldi Puspita,08240084271,
Zahra Nugroho,08777520471,zahra.nugroho@mail.com
Made Wijaya,08902294131,made.wijaya@mail.com
Bella Anggraini,08938677496,bella.anggraini@icloud.com
Wati Anggraini,08133412328,wati.anggraini@gmail.com
Herman Handayani,08974034471,herman.handayani@outlook.com
Vino Gunawan,08361832421,vino.gunawan@outlook.com
Taufik Nasution,08947174648,taufik.nasution@mail.com
Eko Anggraini,08065940139,eko.anggraini@gmail.com
Laras Simanjuntak,08490278742,
Novi Sinaga,08717565512,novi.sinaga@mail.com
Wawan Simanjuntak,08680715451,
Lestari Hutagalung,08808760385,lestari.hutagalung@mail.com
Vino Handayani,08034824771,vino.handayani@icloud.com
Adi Siregar,08248086131,adi.siregar@gmail.com
Wahyu Situmorang,08274846773,wahyu.situmorang@yahoo.com
Desi Hidayat,08982146584,desi.hidayat@outlook.com
Bimo Nugroho,08997278755,bimo.nugroho@icloud.com
Arif Handayani,08533963605,arif.handayani@mail.com
Desi Simanjuntak,08270289517,desi.simanjuntak@mail.com
Siti Nasution,08262174596,siti.nasution@outlook.com
Yusuf Hutagalung,08865780913,yusuf.hutagalung@outlook.com
Yuni Nasution,08161172400,yuni.nasution@gmail.com
Melati Utami,08562386922,melati.utami@icloud.com
Arif Anggraini,08379237474,arif.anggraini@mail.com
Widya Lestari,08175946474,widya.lestari@mail.com
Sinta Kusuma,08369594406,sinta.kusuma@icloud.com
Gita Tanjung,08097439533,gita.tanjung@yahoo.com
Vino Kusuma,08047095214,vino.kusuma@mail.com
Doni Hidayat,08285884247,
Melati Nasution,08517123685,melati.nasution@mail.com
Siti Rahmawati,08817549651,siti.rahmawati@mail.com
Dewi Anggraini,08859317461,dewi.anggraini@gmail.com
Rizky Firmansyah,08113826758,rizky.firmansyah@yahoo.com
Kartika Sinaga,08179640537,kartika.sinaga@yahoo.com
Yoga Kusuma,08585064317,yoga.kusuma@yahoo.com
Wahyu Sinaga,08900532931,wahyu.sinaga@icloud.com
Hadi Gunawan,08335290422,hadi.gunawan@yahoo.com
